group,trade_count,win_rate,loss_rate,avg_pnl_abs,median_pnl_abs,avg_pnl_pct,median_pnl_pct,avg_bars_held,median_bars_held,avg_hold_hours,avg_underwater_hours,median_underwater_hours,avg_underwater_ratio,avg_max_consecutive_underwater_hours,avg_max_adverse_pct,median_max_adverse_pct,avg_max_favorable_pct,median_max_favorable_pct,first_move_adverse_rate,first_move_favorable_rate,material_adverse_0p5_rate,material_favorable_0p5_rate,avg_minutes_to_max_adverse,avg_minutes_to_max_favorable,side,entry_id,level_snapshot,exit_reason
overall,754,0.6021220159151194,0.3978779840848806,14.804823669428554,2.270626176111429,0.1904759596203526,0.1696446432682519,70.71220159151194,51.0,17.678050397877985,5.872015915119364,1.5,0.3966060529836783,4.7019230769230775,1.3014508803195237,0.7479271368334524,1.7101221942386093,1.0375903602671839,0.058355437665782495,0.0,0.6206896551724138,0.7824933687002652,312.67241379310343,656.8965517241379,,,,
,361,0.628808864265928,0.37119113573407203,22.66149103979785,2.522335617083272,0.25922506656712624,0.1874515999183312,75.99445983379502,48.0,18.99861495844875,5.109418282548476,1.0,0.3576761377502186,4.109418282548477,1.3851119937561276,0.708985068557705,1.8802680304761898,1.0814109613112424,0.036011080332409975,0.0,0.6232686980609419,0.8116343490304709,296.6343490304709,763.6288088642659,long,,,
,393,0.5776081424936387,0.4223918575063613,7.58788493990358,1.7793021227191608,0.12732474433336716,0.1419449436938169,65.86005089058524,53.0,16.46501272264631,6.572519083969466,1.75,0.43236610234571116,5.24618320610687,1.2246018677225416,0.7913371615452345,1.5538304718931473,0.9922555516683671,0.07888040712468193,0.0,0.6183206106870229,0.7557251908396947,327.40458015267177,558.8549618320611,short,,,
,266,0.6203007518796992,0.37969924812030076,-0.5357105520172606,2.148094466727688,-0.02908353415215284,0.17883661584281446,68.21428571428571,54.0,17.053571428571427,5.818609022556391,1.25,0.3883450913525478,4.709586466165414,1.3970771441080454,0.7105810815831226,1.550145981778188,1.012739330407023,0.03007518796992481,0.0,0.6203007518796992,0.7969924812030075,319.5676691729323,636.5413533834586,,Long1,,
,60,0.6,0.4,43.216464640459215,6.747940628821988,0.8786454074683367,0.18906172051396106,122.08333333333333,45.0,30.520833333333332,3.4583333333333335,1.0,0.2840493826206769,2.7,1.3248263333928618,0.8130173632868385,2.8290579678633048,1.31630244216752,0.05,0.0,0.6166666666666667,0.8666666666666667,269.75,1437.75,,Long2,,
,13,0.6923076923076923,0.3076923076923077,35.00183737002943,7.503093626169797,0.31374997164619833,0.2112785245634629,36.69230769230769,12.0,9.173076923076923,1.5961538461538463,0.75,0.294994218866898,1.2692307692307694,0.9937714182446407,0.668970811689448,1.8745832202874197,1.220918803058225,0.07692307692307693,0.0,0.6923076923076923,0.8461538461538461,156.92307692307693,360.0,,Long3,,
,8,0.75,0.25,591.3075869330082,474.2707511620349,4.95806570200471,4.454555631855039,161.75,164.0,40.4375,5.0625,4.625,0.12612857819261702,3.125,2.894521004828925,2.4316555107998887,7.072263051043722,5.291137602091329,0.125,0.0,0.75,1.0,320.625,1768.125,,RevLong,,
,8,0.625,0.375,177.21787455258425,18.112505262425074,1.6302851401948841,0.21050587616812105,151.75,136.0,37.9375,16.25,18.75,0.4710232337638005,11.96875,2.729459163738326,2.9574355257732203,4.203314863921231,3.4335705794182645,0.0,0.0,1.0,1.0,583.125,946.875,,RevShort,,
,294,0.5884353741496599,0.41156462585034015,0.6234551086346919,1.665515761897363,0.07384900443443503,0.16185997517590422,67.79931972789116,57.0,16.94982993197279,6.756802721088436,1.5,0.4278425497591155,5.500850340136054,1.191121317896149,0.728864410720675,1.4401101369261944,0.9814271905470106,0.08843537414965986,0.0,0.5918367346938775,0.7517006802721088,335.0,576.9897959183673,,Short1,,
,62,0.5483870967741935,0.45161290322580644,1.2459427889220565,2.5163031814378023,0.014563107771492672,0.08302643784074965,61.83870967741935,47.0,15.45967741935484,6.39516129032258,3.125,0.45951007079273376,4.588709677419355,1.2325641894786816,0.9500537622561822,1.4041615674608412,0.8698341557039839,0.08064516129032258,0.0,0.6612903225806451,0.7741935483870968,312.8225806451613,552.5806451612904,,Short2,,
,11,0.45454545454545453,0.5454545454545454,25.55471068854672,-9.08997369717546,0.5102644814254952,-0.1581822877396277,53.0,19.0,13.25,1.7045454545454544,1.0,0.40764610929117406,1.5227272727272727,1.00650791612272,0.9200585308242097,2.1811820039845795,0.8640855485841528,0.0,0.0,0.7272727272727273,0.5454545454545454,335.45454545454544,589.0909090909091,,Short3,,
,14,0.7857142857142857,0.21428571428571427,38.91605803582946,33.184254278606346,0.34674781569048146,0.2885512946178115,13.785714285714286,6.5,3.446428571428571,2.0,0.0,0.28102678571428574,1.9464285714285716,0.917009495274182,0.55771913991399,1.1247688217872889,0.7757668818483754,0.0,0.0,0.5714285714285714,0.7142857142857143,92.14285714285714,90.0,,TrendLong,,
,18,0.5555555555555556,0.4444444444444444,56.813872918647306,12.94533170275314,0.48716189556762957,0.14227853617362335,17.72222222222222,9.0,4.430555555555555,2.8472222222222223,0.25,0.4106806184012066,2.638888888888889,1.208479245475342,0.5446476316322857,2.365858725551854,1.5227621791497277,0.0,0.0,0.6666666666666666,0.7777777777777778,135.0,93.33333333333333,,TrendShort,,
,48,0.6666666666666666,0.3333333333333333,160.7432961858751,22.339308785600707,1.3818789641141838,0.24819979998358382,62.916666666666664,24.0,15.729166666666666,5.203125,0.75,0.33549667972652203,4.072916666666667,1.6579708479360977,0.8461202301651602,3.0945175809307295,1.8683237732078357,0.020833333333333332,0.0,0.7083333333333334,0.8333333333333334,228.125,513.75,,,0.0,
,560,0.6035714285714285,0.3964285714285714,0.07285141982501417,1.8217641357738654,0.02495604860580581,0.17175704110031775,67.99642857142857,55.0,16.99910714285714,6.311160714285714,1.5,0.40908125701599585,5.125,1.2889503353468,0.7169025318151807,1.4923771632308915,0.9928385752213877,0.060714285714285714,0.0,0.6053571428571428,0.7732142857142857,327.66964285714283,605.2767857142857,,,1.0,
,122,0.5737704918032787,0.4262295081967213,21.887183043776396,5.696732256599391,0.4395216158191209,0.13019289927552746,91.4672131147541,46.5,22.866803278688522,4.950819672131147,1.875,0.3732179290687714,3.6598360655737707,1.277939014354508,0.8780742962129022,2.1049302889702495,1.0737201243373478,0.06557377049180328,0.0,0.639344262295082,0.819672131147541,291.6393442622951,987.9098360655738,,,2.0,
,24,0.5833333333333334,0.4166666666666667,30.67190430768319,3.3549199322882655,0.4038191219617093,0.11758305528258844,44.166666666666664,16.0,11.041666666666666,1.6458333333333333,0.875,0.3466263353113579,1.3854166666666667,0.9996089797720936,0.7616358437251407,2.0151076628152844,1.2174368745637167,0.041666666666666664,0.0,0.7083333333333334,0.7083333333333334,238.75,465.0,,,3.0,
,22,0.7727272727272727,0.22727272727272727,239.78570490753083,50.076743216055505,2.0235906834411104,0.5046856539012379,67.5909090909091,22.0,16.897727272727273,3.1136363636363638,0.625,0.22470016479731528,2.375,1.636104589657725,0.6626981510065051,3.2874939960623553,1.6976901958057828,0.045454545454545456,0.0,0.6363636363636364,0.8181818181818182,175.22727272727272,700.2272727272727,long,,0.0,
,266,0.6203007518796992,0.37969924812030076,-0.5357105520172606,2.148094466727688,-0.02908353415215284,0.17883661584281446,68.21428571428571,54.0,17.053571428571427,5.818609022556391,1.25,0.3883450913525478,4.709586466165414,1.3970771441080454,0.7105810815831226,1.550145981778188,1.012739330407023,0.03007518796992481,0.0,0.6203007518796992,0.7969924812030075,319.5676691729323,636.5413533834586,long,,1.0,
,60,0.6,0.4,43.216464640459215,6.747940628821988,0.8786454074683367,0.18906172051396106,122.08333333333333,45.0,30.520833333333332,3.4583333333333335,1.0,0.2840493826206769,2.7,1.3248263333928618,0.8130173632868385,2.8290579678633048,1.31630244216752,0.05,0.0,0.6166666666666667,0.8666666666666667,269.75,1437.75,long,,2.0,
,13,0.6923076923076923,0.3076923076923077,35.00183737002943,7.503093626169797,0.31374997164619833,0.2112785245634629,36.69230769230769,12.0,9.173076923076923,1.5961538461538463,0.75,0.294994218866898,1.2692307692307694,0.9937714182446407,0.668970811689448,1.8745832202874197,1.220918803058225,0.07692307692307693,0.0,0.6923076923076923,0.8461538461538461,156.92307692307693,360.0,long,,3.0,
,26,0.5769230769230769,0.4230769230769231,93.86125803678176,18.112505262425074,0.8388921246837078,0.18925843190736863,58.96153846153846,25.0,14.740384615384615,6.971153846153846,1.0,0.42924757697431243,5.509615384615385,1.6764730664793366,1.0424632365961104,2.9312298450501237,2.0004879132924445,0.0,0.0,0.7692307692307693,0.8461538461538461,272.88461538461536,355.96153846153845,short,,0.0,
,294,0.5884353741496599,0.41156462585034015,0.6234551086346919,1.665515761897363,0.07384900443443503,0.16185997517590422,67.79931972789116,57.0,16.94982993197279,6.756802721088436,1.5,0.4278425497591155,5.500850340136054,1.191121317896149,0.728864410720675,1.4401101369261944,0.9814271905470106,0.08843537414965986,0.0,0.5918367346938775,0.7517006802721088,335.0,576.9897959183673,short,,1.0,
,62,0.5483870967741935,0.45161290322580644,1.2459427889220565,2.5163031814378023,0.014563107771492672,0.08302643784074965,61.83870967741935,47.0,15.45967741935484,6.39516129032258,3.125,0.45951007079273376,4.588709677419355,1.2325641894786816,0.9500537622561822,1.4041615674608412,0.8698341557039839,0.08064516129032258,0.0,0.6612903225806451,0.7741935483870968,312.8225806451613,552.5806451612904,short,,2.0,
,11,0.45454545454545453,0.5454545454545454,25.55471068854672,-9.08997369717546,0.5102644814254952,-0.1581822877396277,53.0,19.0,13.25,1.7045454545454544,1.0,0.40764610929117406,1.5227272727272727,1.00650791612272,0.9200585308242097,2.1811820039845795,0.8640855485841528,0.0,0.0,0.7272727272727273,0.5454545454545454,335.45454545454544,589.0909090909091,short,,3.0,
,3,0.0,1.0,-97.78936048803429,-139.01835579494812,-3.8056602345782125,-3.482063057046225,14.333333333333334,9.0,3.5833333333333335,3.5,2.0,0.9629629629629629,3.5,5.0491857414761965,5.307416619757708,0.2110976255589322,0.24154563646955154,0.0,0.0,1.0,0.0,205.0,15.0,,,,Breakout Flip Down
,2,0.0,1.0,-7.133849699183743,-7.133849699183743,-0.5838172217669024,-0.5838172217669024,2.0,2.0,0.5,0.5,0.5,1.0,0.5,0.7688128496642086,0.7688128496642086,0.182416136480629,0.182416136480629,0.0,0.0,1.0,0.0,30.0,15.0,,,,Breakout Flip Up
,5,0.0,1.0,-259.22732660129606,-235.53454210421947,-2.5495118027850188,-2.504787197105085,50.8,48.0,12.7,12.5,11.25,0.984375,11.85,3.346986298139541,3.0313336278615766,0.43269145438244677,0.3425821101693664,0.0,0.0,1.0,0.2,549.0,18.0,,,,Breakout Stop
,30,1.0,0.0,4.576422920287143,3.7406595522597264,0.2946988475715025,0.29993215241630455,160.1,133.5,40.025,6.816666666666666,3.875,0.22123268762919807,4.583333333333333,0.9112264747859528,0.8049289635164876,2.3398234542247933,2.276552967457479,0.03333333333333333,0.0,0.6666666666666666,0.9666666666666667,370.5,1542.5,,,,Exit L1
,8,1.0,0.0,13.24174077289302,14.033046926290732,0.29991388266321084,0.2999294294032673,199.25,179.0,49.8125,1.1875,0.0,0.04752975297529753,0.8125,0.39768284247218866,0.0809776489962973,3.5177531042733623,3.4706302230870416,0.0,0.0,0.25,1.0,52.5,1477.5,,,,Exit L2
,1,1.0,0.0,14.490265675715804,14.490265675715804,0.2999329736658618,0.2999329736658618,132.0,132.0,33.0,0.0,0.0,0.0,0.0,0.3501788540114266,0.3501788540114266,4.667727740346956,4.667727740346956,0.0,0.0,0.0,1.0,15.0,585.0,,,,Exit L3
,26,1.0,0.0,4.569398970616634,4.240670261390701,0.295580484915468,0.3008154789909345,178.6153846153846,139.5,44.65384615384615,5.5673076923076925,1.625,0.18554803539194836,4.240384615384616,0.8157265477554255,0.6921138379713698,2.4817231865110054,2.5999524642887373,0.23076923076923078,0.0,0.6153846153846154,0.9615384615384616,288.46153846153845,1516.7307692307693,,,,Exit S1
,6,0.8333333333333334,0.16666666666666666,11.288740464607026,13.082110025742015,0.22840201239869481,0.30081996295796554,173.33333333333334,106.5,43.333333333333336,9.375,9.0,0.36022116375947194,4.125,0.7034744549091796,0.7900318084533495,1.7686560210946922,1.7977986726387218,0.16666666666666666,0.0,0.6666666666666666,1.0,200.0,980.0,,,,Exit S2
,1,1.0,0.0,13.521375404905063,13.521375404905063,0.300829893699972,0.300829893699972,140.0,140.0,35.0,0.25,0.25,0.007142857142857143,0.25,0.11567713285980813,0.11567713285980813,5.205930062874,5.205930062874,0.0,0.0,0.0,1.0,2100.0,1005.0,,,,Exit S3
,1,0.0,1.0,-30.230771013056064,-30.230771013056064,-0.7010434704571078,-0.7010434704571078,12.0,12.0,3.0,3.0,3.0,1.0,3.0,1.3070507617979765,1.3070507617979765,0.0,0.0,1.0,0.0,1.0,0.0,60.0,15.0,,,,Force Close End
,133,0.7669172932330827,0.23308270676691728,1.453137042605408,2.642444052474528,0.10515152621306124,0.1929972100312094,36.1203007518797,28.0,9.030075187969924,2.3289473684210527,0.5,0.21913212097340787,1.8233082706766917,0.6797858895848037,0.44463793013391667,1.334074162248827,1.089237505905322,0.03007518796992481,0.0,0.46616541353383456,1.0,162.18045112781954,405.1127819548872,,,,MFEProtect L1
,31,0.6129032258064516,0.3870967741935484,-0.410926489966261,6.239228131346135,0.03342677364759743,0.1366882285547932,36.38709677419355,31.0,9.096774193548386,2.1370967741935485,0.5,0.18807956112838373,1.4596774193548387,0.8238121823766661,0.5422192072871151,1.637080624911344,1.2479927378964448,0.03225806451612903,0.0,0.6129032258064516,1.0,228.38709677419354,387.0967741935484,,,,MFEProtect L2
,8,0.875,0.125,5.130743810698153,7.793778370143291,0.10921484901346976,0.2150754666685239,21.5,12.0,5.375,0.78125,0.625,0.1464080459770115,0.71875,0.5575099033811375,0.5988275122857067,1.2904229392591828,1.23954762345913,0.125,0.0,0.625,1.0,136.875,234.375,,,,MFEProtect L3
,3,0.6666666666666666,0.3333333333333333,-9.316828128014611,16.814843116883562,-0.025768469651140342,0.1758071073937328,140.33333333333334,140.0,35.083333333333336,22.083333333333332,24.0,0.6321742490099488,15.416666666666666,3.228221848398953,3.2061020349640854,3.1758828796734186,2.379925368929679,0.0,0.0,1.0,1.0,575.0,455.0,,,,MFEProtect RevShort
,139,0.7841726618705036,0.2158273381294964,1.50406788915266,2.309945820128638,0.111719893592845,0.1918195277695877,35.32374100719424,29.0,8.83093525179856,2.5611510791366907,0.75,0.24985341615420234,1.7805755395683454,0.6790672088282367,0.44229932881692785,1.3100006095210726,1.091214650544274,0.03597122302158273,0.0,0.4460431654676259,1.0,180.6474820143885,396.36690647482015,,,,MFEProtect S1
,35,0.6857142857142857,0.3142857142857143,3.142297152624998,6.810654819480192,0.08991644683595301,0.1249969082910862,33.77142857142857,21.0,8.442857142857143,3.092857142857143,1.5,0.3184659753713214,2.0785714285714283,0.7114901694737155,0.5704140504058872,1.2284223184098026,1.0625518357318307,0.05714285714285714,0.0,0.5142857142857142,1.0,197.57142857142858,419.14285714285717,,,,MFEProtect S2
,3,0.6666666666666666,0.3333333333333333,0.647801043997348,3.863997545069393,0.0564595002865431,0.1439634630659547,34.333333333333336,15.0,8.583333333333334,0.4166666666666667,0.25,0.03790849673202614,0.4166666666666667,0.6604097449878427,0.685828252458582,2.1630812770882177,2.785787792081614,0.0,0.0,0.6666666666666666,1.0,155.0,440.0,,,,MFEProtect S3
,4,1.0,0.0,22.054719083187116,17.620518491864736,0.20129394684141874,0.22040805108304304,19.0,20.0,4.75,0.875,0.25,0.2125,0.875,0.6920068049336374,0.4662478874166812,1.2445460482666109,1.1926475127248415,0.0,0.0,0.5,1.0,48.75,198.75,,,,MFEProtect TrendLong
,7,0.42857142857142855,0.5714285714285714,-45.49130992541694,-44.41835745798736,-0.3313462728784617,-0.3207779441179448,16.428571428571427,12.0,4.107142857142857,1.3928571428571428,0.75,0.374488256841198,1.3214285714285716,1.127470549677324,0.9080820889971913,2.2355503010729807,2.1133172449928828,0.0,0.0,1.0,1.0,72.85714285714286,150.0,,,,MFEProtect TrendShort
,36,0.0,1.0,-33.94342034465529,-24.192187078651738,-1.6436274645300517,-1.5494622816671466,96.0,96.0,24.0,21.86111111111111,23.0,0.9108796296296295,18.0625,3.132145572938538,3.1582962758548785,0.4293424603072887,0.3949142006364148,0.027777777777777776,0.0,1.0,0.3888888888888889,931.25,238.75,,,,NoProgress L1
,2,0.0,1.0,-65.58621203984775,-65.58621203984775,-1.3682368231851927,-1.3682368231851927,96.0,96.0,24.0,18.25,18.25,0.7604166666666667,13.75,2.656593888660902,2.656593888660902,0.5208773172171042,0.5208773172171042,0.0,0.0,1.0,0.5,1350.0,135.0,,,,NoProgress L2
,58,0.0,1.0,-32.40206896261527,-23.876137108148434,-1.3934995669398607,-1.2647042520705698,96.01724137931035,96.0,24.004310344827584,21.685344827586206,23.125,0.9033801398269938,18.185344827586206,2.428921041342668,2.4058287378513254,0.38972524401564673,0.3647075461181759,0.15517241379310345,0.0,1.0,0.3103448275862069,910.0862068965517,246.72413793103448,,,,NoProgress S1
,6,0.0,1.0,-54.51014850411076,-25.216121929646064,-1.032519173958992,-0.6404610345723538,96.0,96.0,24.0,21.166666666666668,21.25,0.8819444444444445,15.541666666666666,2.2153004699310967,2.035848448238719,0.4489158624192977,0.4594824056590748,0.0,0.0,1.0,0.3333333333333333,907.5,500.0,,,,NoProgress S2
,36,0.1388888888888889,0.8611111111111112,-33.20535852755098,-20.10748630677172,-2.4149086981105383,-1.70175511402732,23.47222222222222,11.5,5.868055555555555,5.506944444444445,2.75,0.867570947704567,5.194444444444445,3.198378055670887,2.1669527365060146,0.3642956432478642,0.3048444522358208,0.027777777777777776,0.0,0.8888888888888888,0.19444444444444445,332.5,54.166666666666664,,,,OutsideStop Long1
,9,0.0,1.0,-146.47758112055018,-153.15697264045605,-3.1514403813569833,-2.967814398116808,34.22222222222222,31.0,8.555555555555555,7.555555555555555,7.5,0.869250525510777,6.861111111111112,3.725924040859047,3.9196240359893317,0.408662090041323,0.38684690769580954,0.2222222222222222,0.0,1.0,0.3333333333333333,476.6666666666667,85.0,,,,OutsideStop Long2
,3,0.0,1.0,-62.88391543949614,-57.75594406223324,-1.7315349213239408,-1.691424424970711,9.333333333333334,10.0,2.3333333333333335,1.8333333333333333,2.0,0.8051282051282053,1.6666666666666667,2.2460992770428074,2.3239958957924527,0.3553280430668373,0.42440934924551366,0.0,0.0,1.0,0.3333333333333333,135.0,15.0,,,,OutsideStop Long3
,34,0.14705882352941177,0.8529411764705882,-24.28764344215831,-12.842009689036498,-1.7111547732826857,-1.0619591180170862,19.91176470588235,6.0,4.977941176470589,4.4411764705882355,1.375,0.8199039180045852,4.029411764705882,2.181309386224765,1.3844257699173785,0.2970495706331328,0.22227654865993096,0.08823529411764706,0.0,0.7647058823529411,0.14705882352941177,288.97058823529414,44.11764705882353,,,,OutsideStop Short1
,10,0.0,1.0,-122.6821101104395,-117.07991190578775,-2.5784121532229753,-2.5538536026631027,36.8,32.5,9.2,8.425,8.125,0.9237016592315799,7.575,3.0425817294312276,2.8559029724348353,0.24534896056712827,0.2825568938620971,0.1,0.0,1.0,0.0,544.5,69.0,,,,OutsideStop Short2
,5,0.0,1.0,-58.93738513565707,-41.15427710356172,-1.1757498573289982,-0.8167524673239779,15.2,17.0,3.8,3.3,3.5,0.867563025210084,2.95,1.6359903509532407,1.4066130683875502,0.3149971456935336,0.3307106073319501,0.0,0.0,1.0,0.0,216.0,39.0,,,,OutsideStop Short3
,4,0.0,1.0,-175.65618395471893,-104.08385043447558,-1.5480212295120617,-0.7135559929451862,144.5,136.0,36.125,12.875,11.25,0.3783088235294118,9.375,2.8040698337679717,2.6228494459224803,3.5734256046261916,2.1022760599468424,0.0,0.0,0.75,1.0,1211.25,543.75,,,,Reverse Stop
,9,1.0,0.0,764.30876800974,559.3955257724718,6.5529107849553805,5.187767707984858,167.66666666666666,160.0,41.916666666666664,5.861111111111112,3.5,0.15193960605598297,4.111111111111111,2.67676627425214,1.878446586409628,7.375919140243844,5.772434112649765,0.1111111111111111,0.0,0.8888888888888888,1.0,73.33333333333333,2020.0,,,,Reverse TP Channel
,8,0.875,0.125,281.7069482919978,62.08297526501636,2.4807347638744233,0.4982146488365258,4.75,1.5,1.1875,0.09375,0.0,0.22916666666666666,0.09375,0.4612673799027461,0.3926889796015042,3.1828302857965194,0.7806569878186356,0.0,0.0,0.25,0.75,15.0,71.25,,,,Reverse to RevLong
,8,0.875,0.125,105.02198310661652,58.53003681214278,1.0049140706996669,0.5626268384404165,3.625,1.0,0.90625,0.34375,0.0,0.1375,0.25,0.43817096937490047,0.42092037691396944,1.2598855882617137,0.7757668818483754,0.0,0.0,0.5,0.75,18.75,54.375,,,,Reverse to RevShort
,28,1.0,0.0,74.98447943081798,75.54428704295091,4.415463013480312,4.306527388353166,142.60714285714286,102.5,35.65178571428571,1.3839285714285716,0.375,0.052677613512851044,0.9375,0.5483049495976307,0.40724605242049583,4.67725894532011,4.47318658537046,0.0,0.0,0.42857142857142855,1.0,113.57142857142857,2052.8571428571427,,,,TP L1
,9,1.0,0.0,454.33159802776674,474.26288578413664,9.318298171038718,8.430955585062394,454.8888888888889,271.0,113.72222222222221,2.805555555555556,0.25,0.06658684295990246,2.111111111111111,0.7351132050340693,0.41866668746119284,9.53093440039679,8.590531403402789,0.0,0.0,0.4444444444444444,1.0,175.0,6821.666666666667,,,,TP L2
,1,1.0,0.0,588.1394159675699,588.1394159675699,8.09970262959878,8.09970262959878,145.0,145.0,36.25,9.0,9.0,0.2482758620689655,5.75,1.3704725249913792,1.3704725249913792,8.312486480115524,8.312486480115524,0.0,0.0,1.0,1.0,525.0,2175.0,,,,TP L3
,33,1.0,0.0,79.0175776224662,74.73368178302644,4.227757508447161,4.170078969113544,117.6969696969697,89.0,29.424242424242426,2.053030303030303,0.25,0.08693714503238903,1.8106060606060608,0.4875608514076535,0.2349879850776019,4.266636092094432,4.102410478935654,0.06060606060606061,0.0,0.24242424242424243,1.0,92.72727272727273,1762.2727272727273,,,,TP S1
,5,1.0,0.0,290.683520382542,298.92395757954887,5.672932308833145,5.799408007467055,133.6,124.0,33.4,4.15,0.5,0.13066100192278907,3.6,0.7156713945488586,0.5729601726815049,5.660863026294768,5.702556242458914,0.2,0.0,0.6,1.0,78.0,2004.0,,,,TP S2
,2,1.0,0.0,280.16198235770105,280.16198235770105,5.510725093882918,5.510725093882918,132.0,132.0,33.0,0.375,0.375,0.012711864406779662,0.25,0.39736447738018876,0.39736447738018876,5.361421210612027,5.361421210612027,0.0,0.0,0.5,1.0,22.5,1980.0,,,,TP S3
,1,0.0,1.0,-1.6212789629916486,-1.6212789629916486,-0.1530833736539172,-0.1530833736539172,210.0,210.0,52.5,1.0,1.0,0.01904761904761905,0.75,0.7826729510387688,0.7826729510387688,4.898579690517379,4.898579690517379,1.0,0.0,1.0,1.0,3150.0,1110.0,,,,TimeStop L1
,1,0.0,1.0,-2.555722154545747,-2.555722154545747,-0.1476332041258854,-0.1476332041258854,233.0,233.0,58.25,5.25,5.25,0.09012875536480687,4.0,0.6143111056061985,0.6143111056061985,2.9099198170743956,2.9099198170743956,0.0,0.0,1.0,1.0,90.0,1095.0,,,,TimeStop S1
